po_id,supplier_id,material_id,order_date,delivery_date,quantity,unit_price,delivery_status
PO00001,S003,M005,2023-05-21,2023-06-04,124,36.51,Late
PO00002,S007,M002,2023-02-22,2023-03-19,389,179.51,Late
PO00003,S003,M004,2023-02-14,2023-03-11,226,16.04,Late
PO00004,S010,M002,2023-02-17,2023-02-26,129,106.02,Late
PO00005,S009,M002,2023-01-14,2023-02-02,111,146.04,On Time
PO00006,S005,M014,2023-12-26,2024-01-14,224,51.88,On Time
PO00007,S009,M011,2023-10-29,2023-11-08,424,175.17,On Time
PO00008,S010,M001,2023-03-23,2023-04-23,226,74.65,Late
PO00009,S006,M011,2023-03-21,2023-03-30,500,155.06,Late
PO00010,S008,M005,2023-02-22,2023-02-27,204,28.38,Late
PO00011,S007,M006,2023-06-26,2023-07-17,145,163.35,On Time
PO00012,S004,M008,2023-08-24,2023-09-12,73,194.89,On Time
PO00013,S009,M010,2023-07-13,2023-07-18,292,65.7,Late
PO00014,S001,M004,2023-11-18,2023-12-09,463,173.72,On Time
PO00015,S006,M005,2023-10-23,2023-10-31,370,23.22,On Time
PO00016,S009,M015,2023-12-05,2023-12-15,405,64.98,Late
PO00017,S009,M006,2023-02-10,2023-03-13,129,174.63,Late
PO00018,S010,M015,2023-07-14,2023-07-24,242,130.78,On Time
PO00019,S008,M007,2023-07-06,2023-07-13,199,77.5,On Time
PO00020,S007,M006,2023-12-10,2023-12-20,369,187.96,On Time
PO00021,S007,M011,2023-11-28,2023-12-04,321,130.65,Late
PO00022,S007,M013,2023-10-01,2023-10-28,135,41.05,Late
PO00023,S007,M005,2023-07-14,2023-07-24,483,131.6,On Time
PO00024,S002,M008,2023-10-13,2023-10-22,360,71.61,On Time
PO00025,S003,M011,2023-01-29,2023-02-12,430,16.1,Late
PO00026,S009,M004,2023-06-11,2023-06-26,147,22.58,Late
PO00027,S010,M003,2023-10-18,2023-11-18,377,69.79,Late
PO00028,S002,M012,2023-12-02,2023-12-19,212,178.09,On Time
PO00029,S001,M013,2023-11-26,2023-12-17,83,60.33,Late
PO00030,S009,M004,2023-05-07,2023-06-01,297,112.41,On Time
PO00031,S010,M014,2023-10-27,2023-11-16,469,120.87,Late
PO00032,S002,M003,2023-07-05,2023-07-15,80,106.81,Late
PO00033,S007,M001,2023-02-16,2023-03-15,34,173.61,Late
PO00034,S005,M012,2023-03-20,2023-04-12,91,160.5,Late
PO00035,S010,M009,2023-08-05,2023-08-26,42,83.11,On Time
PO00036,S007,M004,2023-11-02,2023-11-23,280,57.77,Late
PO00037,S010,M004,2023-10-11,2023-11-09,492,12.18,On Time
PO00038,S006,M005,2023-02-28,2023-03-23,463,112.02,On Time
PO00039,S010,M003,2023-05-17,2023-06-12,338,74.63,On Time
PO00040,S010,M005,2023-05-31,2023-06-16,90,96.21,Late
PO00041,S001,M002,2023-05-15,2023-06-02,400,43.94,On Time
PO00042,S003,M014,2023-02-24,2023-03-30,330,66.7,Late
PO00043,S009,M002,2023-11-24,2023-12-12,321,47.79,On Time
PO00044,S007,M015,2023-07-11,2023-08-06,92,112.48,On Time
PO00045,S001,M002,2023-09-29,2023-10-01,316,71.59,On Time
PO00046,S004,M003,2023-01-10,2023-01-16,485,78.97,Late
PO00047,S008,M005,2023-06-07,2023-06-16,39,55.77,On Time
PO00048,S007,M012,2023-10-18,2023-10-22,53,149.06,On Time
PO00049,S002,M011,2023-02-05,2023-03-03,282,155.51,On Time
PO00050,S009,M010,2023-03-07,2023-03-30,253,189.9,On Time
PO00051,S003,M009,2023-03-26,2023-04-05,280,175.76,On Time
PO00052,S006,M008,2023-08-05,2023-08-14,485,112.47,Late
PO00053,S006,M004,2023-12-20,2023-12-28,375,69.23,On Time
PO00054,S005,M012,2023-12-10,2024-01-02,201,93.24,Late
PO00055,S006,M011,2023-09-22,2023-10-18,71,57.1,Late
PO00056,S004,M010,2023-02-02,2023-02-14,20,121.78,On Time
PO00057,S008,M012,2023-04-28,2023-05-23,122,11.37,Late
PO00058,S010,M007,2023-12-29,2024-01-20,40,53.5,On Time
PO00059,S010,M002,2023-01-17,2023-02-15,179,23.46,On Time
PO00060,S007,M001,2023-05-02,2023-05-12,352,102.23,On Time
PO00061,S006,M006,2023-10-04,2023-10-10,380,187.75,On Time
PO00062,S004,M001,2023-10-20,2023-11-09,252,56.17,On Time
PO00063,S005,M015,2023-08-31,2023-09-29,218,46.18,Late
PO00064,S004,M012,2023-02-19,2023-03-15,230,77.32,Late
PO00065,S003,M014,2023-07-30,2023-08-15,452,148.52,On Time
PO00066,S006,M004,2023-12-11,2024-01-02,340,28.7,On Time
PO00067,S009,M007,2023-07-26,2023-08-20,183,162.11,On Time
PO00068,S008,M010,2023-02-25,2023-03-06,108,46.14,On Time
PO00069,S002,M001,2023-08-18,2023-08-25,226,44.86,Late
PO00070,S009,M006,2023-08-25,2023-09-04,457,185.42,Late
PO00071,S002,M012,2023-08-15,2023-09-11,451,172.63,On Time
PO00072,S006,M006,2023-02-20,2023-02-23,343,199.86,On Time
PO00073,S009,M007,2023-01-08,2023-01-12,484,153.18,On Time
PO00074,S010,M010,2023-05-02,2023-05-09,218,102.27,On Time
PO00075,S010,M010,2023-04-20,2023-05-26,215,181.46,Late
PO00076,S002,M015,2023-03-26,2023-04-09,11,197.21,On Time
PO00077,S007,M011,2023-05-16,2023-06-12,411,96.45,On Time
PO00078,S009,M007,2023-08-05,2023-08-29,500,148.8,On Time
PO00079,S005,M010,2023-10-12,2023-11-09,377,102.47,Late
PO00080,S009,M005,2023-04-08,2023-04-19,121,194.05,On Time
PO00081,S005,M008,2023-10-24,2023-11-28,287,21.58,Late
PO00082,S001,M012,2023-06-10,2023-06-13,35,120.99,On Time
PO00083,S008,M007,2023-09-15,2023-10-14,281,39.91,On Time
PO00084,S001,M009,2023-09-18,2023-09-23,445,45.31,Late
PO00085,S007,M010,2023-11-01,2023-11-06,355,173.75,Late
PO00086,S010,M006,2023-07-26,2023-07-31,492,179.15,On Time
PO00087,S002,M008,2023-05-07,2023-05-27,314,17.55,On Time
PO00088,S007,M006,2023-02-11,2023-02-27,346,120.9,Late
PO00089,S005,M013,2023-09-25,2023-10-07,488,59.55,On Time
PO00090,S005,M012,2023-12-09,2024-01-12,170,55.35,Late
PO00091,S002,M008,2023-07-22,2023-08-02,353,132.65,Late
PO00092,S004,M006,2023-08-23,2023-09-05,485,152.85,Late
PO00093,S007,M001,2023-02-07,2023-02-10,244,128.02,Late
PO00094,S006,M010,2023-10-16,2023-10-28,47,112.15,Late
PO00095,S006,M015,2023-09-17,2023-10-07,77,187.32,Late
PO00096,S003,M012,2023-02-05,2023-03-07,135,80.21,On Time
PO00097,S004,M013,2023-03-22,2023-04-07,436,113.21,On Time
PO00098,S004,M004,2023-06-04,2023-06-25,423,134.26,On Time
PO00099,S009,M002,2023-01-05,2023-01-28,428,115.37,On Time
PO00100,S003,M001,2023-12-06,2023-12-11,490,176.84,On Time
PO00101,S008,M006,2023-05-16,2023-05-21,465,30.34,On Time
PO00102,S002,M003,2023-10-11,2023-10-17,149,63.53,On Time
PO00103,S003,M014,2023-04-18,2023-05-22,185,48.68,Late
PO00104,S003,M013,2023-11-21,2023-12-21,145,106.03,Late
PO00105,S003,M011,2023-05-09,2023-06-08,474,170.76,On Time
PO00106,S002,M001,2023-02-17,2023-03-11,226,167.58,On Time
PO00107,S010,M013,2023-01-23,2023-01-26,180,156.51,Late
PO00108,S001,M004,2023-11-23,2023-12-03,92,150.83,On Time
PO00109,S003,M011,2023-10-10,2023-11-08,228,116.57,Late
PO00110,S001,M015,2023-02-27,2023-03-03,493,177.79,On Time
PO00111,S006,M004,2023-03-18,2023-04-06,28,168.57,On Time
PO00112,S010,M015,2023-10-26,2023-11-14,85,91.66,On Time
PO00113,S006,M004,2023-01-22,2023-02-02,196,180.81,On Time
PO00114,S003,M010,2023-01-21,2023-02-20,193,49.91,On Time
PO00115,S005,M012,2023-05-08,2023-05-31,62,77.2,On Time
PO00116,S001,M014,2023-10-14,2023-11-13,457,87.21,On Time
PO00117,S004,M015,2023-11-14,2023-12-14,89,185.9,Late
PO00118,S004,M008,2023-05-02,2023-06-01,93,195.48,Late
PO00119,S008,M001,2023-04-01,2023-05-01,221,14.71,On Time
PO00120,S008,M013,2023-06-20,2023-07-18,486,88.23,Late
PO00121,S009,M009,2023-12-09,2024-01-17,386,164.04,Late
PO00122,S002,M013,2023-05-17,2023-05-26,413,143.24,Late
PO00123,S004,M008,2023-07-15,2023-08-13,29,173.13,On Time
PO00124,S009,M011,2023-04-24,2023-05-02,428,184.51,On Time
PO00125,S010,M007,2023-06-29,2023-07-12,430,161.12,Late
PO00126,S001,M006,2023-04-27,2023-05-06,22,135.41,On Time
PO00127,S004,M012,2023-07-24,2023-08-07,152,174.23,Late
PO00128,S003,M001,2023-05-23,2023-06-05,338,106.79,On Time
PO00129,S007,M009,2023-12-14,2024-01-11,284,72.92,On Time
PO00130,S005,M010,2023-01-15,2023-01-20,459,194.38,On Time
PO00131,S002,M012,2023-04-02,2023-04-22,145,17.27,On Time
PO00132,S002,M011,2023-11-02,2023-11-17,186,148.42,On Time
PO00133,S004,M007,2023-06-10,2023-07-02,320,197.0,Late
PO00134,S001,M006,2023-03-01,2023-03-16,470,119.55,Late
PO00135,S009,M010,2023-05-11,2023-05-14,372,92.85,On Time
PO00136,S008,M010,2023-09-24,2023-10-22,285,140.5,Late
PO00137,S003,M012,2023-12-10,2023-12-23,196,91.95,Late
PO00138,S002,M014,2023-12-07,2023-12-19,329,69.64,On Time
PO00139,S010,M011,2023-03-05,2023-03-31,470,67.06,Late
PO00140,S006,M006,2023-06-08,2023-07-01,219,71.97,On Time
PO00141,S001,M001,2023-12-23,2024-01-04,293,34.18,Late
PO00142,S004,M004,2023-08-04,2023-08-27,491,82.04,On Time
PO00143,S003,M006,2023-03-31,2023-04-21,301,67.18,On Time
PO00144,S002,M013,2023-10-08,2023-11-06,10,67.74,Late
PO00145,S008,M015,2023-04-18,2023-05-03,412,120.2,On Time
PO00146,S005,M004,2023-12-02,2023-12-15,248,93.94,Late
PO00147,S007,M010,2023-12-12,2023-12-20,271,99.91,On Time
PO00148,S003,M010,2023-03-28,2023-04-25,53,63.92,Late
PO00149,S004,M010,2023-12-06,2023-12-28,327,73.69,On Time
PO00150,S008,M003,2023-05-01,2023-05-24,168,52.68,On Time
PO00151,S006,M007,2023-04-12,2023-04-23,22,18.78,Late
PO00152,S009,M003,2023-09-01,2023-09-24,445,156.01,Late
PO00153,S004,M002,2023-08-22,2023-09-11,463,129.66,Late
PO00154,S006,M013,2023-04-10,2023-05-04,366,82.96,On Time
PO00155,S008,M013,2023-07-24,2023-08-02,85,134.65,On Time
PO00156,S005,M013,2023-01-03,2023-02-02,394,173.48,On Time
PO00157,S002,M014,2023-02-24,2023-03-24,227,51.58,Late
PO00158,S007,M005,2023-12-23,2024-01-10,247,19.54,On Time
PO00159,S002,M006,2023-05-08,2023-06-07,72,96.73,Late
PO00160,S007,M007,2023-08-26,2023-09-18,281,197.7,On Time
PO00161,S001,M003,2023-11-01,2023-11-13,496,153.5,On Time
PO00162,S009,M001,2023-08-15,2023-09-05,427,146.66,On Time
PO00163,S001,M004,2023-09-16,2023-10-01,435,182.3,On Time
PO00164,S003,M008,2023-08-17,2023-09-23,91,151.29,Late
PO00165,S008,M015,2023-09-01,2023-09-27,142,152.84,Late
PO00166,S002,M013,2023-11-23,2023-12-03,402,157.76,On Time
PO00167,S001,M003,2023-09-06,2023-09-28,132,62.17,On Time
PO00168,S010,M015,2023-02-09,2023-03-06,156,54.55,Late
PO00169,S010,M007,2023-06-21,2023-07-03,467,112.63,On Time
PO00170,S006,M004,2023-03-12,2023-03-18,128,82.78,On Time
PO00171,S006,M013,2023-03-20,2023-04-13,119,22.2,On Time
PO00172,S006,M004,2023-07-28,2023-08-09,287,98.53,On Time
PO00173,S002,M003,2023-02-01,2023-02-10,436,89.83,Late
PO00174,S010,M004,2023-10-27,2023-11-20,20,172.78,On Time
PO00175,S010,M012,2023-10-22,2023-11-05,254,11.12,On Time
PO00176,S001,M010,2023-06-30,2023-07-11,395,84.1,On Time
PO00177,S009,M001,2023-08-03,2023-08-22,392,149.58,On Time
PO00178,S010,M015,2023-11-05,2023-12-12,122,102.76,Late
PO00179,S008,M010,2023-05-20,2023-06-09,258,15.51,Late
PO00180,S008,M010,2023-06-22,2023-07-15,357,161.65,On Time
PO00181,S001,M011,2023-03-26,2023-04-28,249,184.71,Late
PO00182,S008,M006,2023-11-15,2023-12-05,23,182.32,Late
PO00183,S006,M009,2023-10-31,2023-11-21,349,15.15,Late
PO00184,S003,M013,2023-11-26,2023-12-11,79,174.7,On Time
PO00185,S005,M002,2023-04-04,2023-04-07,143,82.03,On Time
PO00186,S005,M011,2023-04-19,2023-05-05,177,74.13,On Time
PO00187,S006,M009,2023-07-14,2023-07-24,395,190.73,On Time
PO00188,S002,M013,2023-08-04,2023-08-15,437,25.56,Late
PO00189,S009,M009,2023-01-10,2023-02-04,286,19.9,On Time
PO00190,S003,M007,2023-06-29,2023-07-09,342,23.04,Late
PO00191,S008,M003,2023-11-30,2023-12-05,396,15.9,Late
PO00192,S002,M005,2023-05-07,2023-05-15,439,13.87,On Time
PO00193,S007,M008,2023-03-20,2023-03-30,74,99.98,Late
PO00194,S009,M007,2023-02-28,2023-03-20,495,51.41,On Time
PO00195,S010,M007,2023-12-25,2024-01-11,402,80.09,Late
PO00196,S007,M003,2023-11-07,2023-11-28,392,146.49,On Time
PO00197,S007,M012,2023-03-25,2023-04-05,65,119.95,On Time
PO00198,S009,M010,2023-06-09,2023-06-29,356,182.52,On Time
PO00199,S010,M012,2023-07-12,2023-07-28,492,145.85,Late
PO00200,S009,M011,2023-02-08,2023-02-28,363,167.81,On Time
PO00201,S006,M013,2023-05-05,2023-05-10,366,156.77,On Time
PO00202,S004,M002,2023-12-17,2024-01-07,422,33.0,On Time
PO00203,S001,M015,2023-10-17,2023-11-13,31,75.97,On Time
PO00204,S002,M011,2023-08-08,2023-09-01,199,23.1,Late
PO00205,S009,M006,2023-11-28,2023-12-10,16,171.42,On Time
PO00206,S004,M007,2023-09-08,2023-09-15,231,192.55,Late
PO00207,S004,M005,2023-11-22,2023-12-23,434,97.35,Late
PO00208,S008,M001,2023-03-20,2023-04-04,100,149.42,On Time
PO00209,S006,M007,2023-11-30,2023-12-11,325,163.56,Late
PO00210,S003,M014,2023-10-03,2023-10-31,257,98.33,Late
PO00211,S010,M013,2023-10-31,2023-11-12,175,171.83,Late
PO00212,S004,M009,2023-02-14,2023-02-24,461,95.65,On Time
PO00213,S002,M011,2023-08-26,2023-09-16,322,136.96,Late
PO00214,S009,M002,2023-06-22,2023-06-24,263,171.68,On Time
PO00215,S002,M014,2023-04-04,2023-04-21,118,77.42,On Time
PO00216,S001,M010,2023-05-13,2023-05-25,153,177.26,On Time
PO00217,S003,M008,2023-12-26,2024-01-26,151,115.6,Late
PO00218,S004,M009,2023-09-22,2023-09-30,53,55.86,On Time
PO00219,S001,M011,2023-07-28,2023-08-16,294,154.05,Late
PO00220,S002,M006,2023-12-20,2024-01-07,340,145.25,Late
PO00221,S002,M014,2023-08-18,2023-09-14,18,27.68,On Time
PO00222,S010,M001,2023-04-24,2023-05-08,364,56.23,On Time
PO00223,S003,M009,2023-12-06,2023-12-26,198,99.92,On Time
PO00224,S003,M013,2023-09-29,2023-10-13,227,199.36,Late
PO00225,S010,M014,2023-10-09,2023-10-21,190,143.54,On Time
PO00226,S010,M001,2023-05-19,2023-05-30,138,53.8,On Time
PO00227,S008,M002,2023-04-09,2023-04-22,71,151.15,Late
PO00228,S002,M011,2023-12-20,2023-12-27,108,51.11,On Time
PO00229,S004,M010,2023-09-05,2023-09-16,380,122.02,Late
PO00230,S003,M008,2023-09-26,2023-10-18,154,196.3,Late
PO00231,S006,M001,2023-04-10,2023-04-21,126,78.57,On Time
PO00232,S004,M013,2023-06-04,2023-06-11,372,111.49,Late
PO00233,S009,M005,2023-05-21,2023-05-29,37,115.14,Late
PO00234,S007,M004,2023-12-24,2024-01-01,336,175.01,Late
PO00235,S007,M001,2023-09-09,2023-09-15,456,12.33,Late
PO00236,S004,M010,2023-05-26,2023-06-13,255,93.69,Late
PO00237,S010,M009,2023-04-05,2023-04-13,139,188.8,Late
PO00238,S004,M004,2023-09-02,2023-09-17,430,22.42,Late
PO00239,S001,M015,2023-09-09,2023-09-18,305,129.59,Late
PO00240,S004,M002,2023-01-28,2023-02-03,86,164.12,On Time
PO00241,S007,M008,2023-06-05,2023-06-14,137,32.51,Late
PO00242,S002,M013,2023-08-02,2023-08-23,315,160.24,On Time
PO00243,S001,M013,2023-04-26,2023-05-27,277,82.27,Late
PO00244,S006,M008,2023-08-15,2023-08-27,450,121.82,Late
PO00245,S001,M013,2023-08-08,2023-08-20,301,128.0,Late
PO00246,S006,M014,2023-11-09,2023-12-11,60,190.04,Late
PO00247,S001,M003,2023-04-17,2023-05-10,118,60.28,Late
PO00248,S004,M004,2023-02-11,2023-02-18,132,43.02,On Time
PO00249,S009,M003,2023-02-08,2023-02-15,11,87.62,On Time
PO00250,S003,M001,2023-12-19,2024-01-10,250,65.34,Late
PO00251,S001,M015,2023-04-29,2023-05-11,371,63.72,Late
PO00252,S002,M007,2023-08-21,2023-08-26,361,54.35,Late
PO00253,S003,M006,2023-05-16,2023-06-12,415,128.76,On Time
PO00254,S007,M009,2023-12-05,2024-01-01,488,47.59,On Time
PO00255,S005,M015,2023-02-28,2023-03-19,125,133.05,On Time
PO00256,S004,M003,2023-05-17,2023-06-14,82,23.57,On Time
PO00257,S006,M010,2023-03-26,2023-04-23,167,123.06,Late
PO00258,S001,M007,2023-10-19,2023-10-30,234,33.63,On Time
PO00259,S002,M008,2023-12-19,2023-12-31,368,86.48,Late
PO00260,S006,M015,2023-05-20,2023-06-08,286,103.82,Late
PO00261,S002,M013,2023-02-11,2023-03-04,30,178.99,On Time
PO00262,S009,M008,2023-06-15,2023-07-06,138,14.91,On Time
PO00263,S007,M009,2023-04-28,2023-05-21,438,173.5,On Time
PO00264,S009,M009,2023-10-28,2023-11-01,401,137.73,Late
PO00265,S002,M005,2023-05-18,2023-06-07,30,154.99,On Time
PO00266,S010,M007,2023-03-31,2023-04-18,275,133.79,Late
PO00267,S010,M006,2023-05-23,2023-05-30,309,92.82,On Time
PO00268,S005,M001,2023-09-09,2023-09-20,250,76.11,Late
PO00269,S010,M003,2023-06-20,2023-07-02,353,29.87,On Time
PO00270,S003,M008,2023-03-24,2023-04-05,220,141.8,On Time
PO00271,S010,M009,2023-05-28,2023-06-20,493,86.09,On Time
PO00272,S008,M006,2023-10-09,2023-10-17,242,26.73,Late
PO00273,S004,M002,2023-05-10,2023-05-22,69,194.34,On Time
PO00274,S008,M004,2023-07-26,2023-08-25,273,166.74,Late
PO00275,S005,M011,2023-01-01,2023-01-24,455,113.09,On Time
PO00276,S006,M013,2023-07-31,2023-08-03,106,108.5,On Time
PO00277,S001,M006,2023-11-15,2023-12-11,265,128.83,On Time
PO00278,S001,M009,2023-01-27,2023-02-05,146,114.35,Late
PO00279,S005,M004,2023-05-28,2023-06-14,460,142.67,Late
PO00280,S009,M005,2023-03-04,2023-03-07,332,125.69,Late
PO00281,S004,M015,2023-05-03,2023-05-27,91,69.04,On Time
PO00282,S004,M006,2023-01-08,2023-02-01,218,27.71,Late
PO00283,S005,M015,2023-02-28,2023-03-16,494,32.32,On Time
PO00284,S005,M006,2023-03-20,2023-04-07,487,146.15,Late
PO00285,S003,M007,2023-09-18,2023-10-17,149,88.94,Late
PO00286,S006,M011,2023-09-05,2023-09-22,134,96.79,On Time
PO00287,S008,M004,2023-03-16,2023-03-30,107,185.15,On Time
PO00288,S002,M010,2023-09-18,2023-10-14,460,35.94,Late
PO00289,S009,M004,2023-02-05,2023-02-15,405,160.1,On Time
PO00290,S007,M002,2023-08-01,2023-08-13,488,159.67,On Time
PO00291,S002,M014,2023-05-17,2023-06-14,11,63.74,On Time
PO00292,S010,M014,2023-06-02,2023-06-30,310,120.19,On Time
PO00293,S009,M011,2023-12-04,2023-12-22,453,38.23,Late
PO00294,S009,M007,2023-10-03,2023-10-20,186,73.16,On Time
PO00295,S003,M010,2023-10-06,2023-10-21,243,187.24,Late
PO00296,S008,M009,2023-04-07,2023-05-01,132,118.64,On Time
PO00297,S001,M004,2023-04-30,2023-06-03,407,88.05,Late
PO00298,S001,M007,2023-06-12,2023-07-07,252,143.99,On Time
PO00299,S001,M009,2023-07-15,2023-07-29,349,160.55,On Time
PO00300,S005,M015,2023-11-30,2023-12-06,263,193.32,On Time
PO00301,S009,M012,2023-03-06,2023-03-24,312,73.08,On Time
PO00302,S008,M012,2023-02-21,2023-03-22,442,93.66,On Time
PO00303,S008,M002,2023-09-27,2023-10-14,17,147.26,Late
PO00304,S004,M011,2023-07-29,2023-09-03,345,194.29,Late
PO00305,S010,M013,2023-02-08,2023-02-25,410,194.15,On Time
PO00306,S005,M004,2023-06-23,2023-07-15,364,85.52,Late
PO00307,S003,M003,2023-02-11,2023-03-14,178,171.94,Late
PO00308,S010,M013,2023-10-01,2023-10-15,498,70.17,On Time
PO00309,S006,M006,2023-09-07,2023-10-11,287,16.82,Late
PO00310,S006,M005,2023-02-05,2023-02-14,333,140.04,On Time
PO00311,S009,M006,2023-05-28,2023-06-11,392,27.17,Late
PO00312,S009,M011,2023-02-20,2023-03-28,334,143.74,Late
PO00313,S001,M002,2023-02-21,2023-03-09,95,141.86,On Time
PO00314,S009,M012,2023-01-15,2023-01-20,176,161.27,Late
PO00315,S001,M006,2023-05-31,2023-06-15,201,91.83,Late
PO00316,S006,M014,2023-05-06,2023-05-29,220,117.53,Late
PO00317,S001,M013,2023-04-03,2023-04-10,99,25.0,On Time
PO00318,S005,M007,2023-07-15,2023-08-07,359,55.76,Late
PO00319,S005,M010,2023-10-26,2023-11-01,128,97.62,On Time
PO00320,S001,M009,2023-05-11,2023-05-27,140,136.7,On Time
PO00321,S001,M013,2023-08-27,2023-09-26,157,138.75,On Time
PO00322,S001,M001,2023-03-22,2023-03-28,236,189.59,Late
PO00323,S007,M012,2023-10-28,2023-11-08,337,192.79,On Time
PO00324,S002,M003,2023-12-20,2023-12-30,243,170.61,On Time
PO00325,S007,M003,2023-04-12,2023-05-06,446,101.81,Late
PO00326,S001,M014,2023-05-02,2023-05-21,302,78.2,Late
PO00327,S004,M014,2023-06-01,2023-06-30,161,14.17,Late
PO00328,S008,M011,2023-12-04,2023-12-18,150,11.54,On Time
PO00329,S001,M007,2023-12-18,2024-01-13,391,194.98,On Time
PO00330,S002,M010,2023-11-07,2023-12-02,264,168.24,On Time
PO00331,S007,M011,2023-05-27,2023-06-24,419,53.72,Late
PO00332,S007,M010,2023-06-30,2023-07-10,335,46.13,Late
PO00333,S004,M015,2023-05-09,2023-06-11,396,146.98,Late
PO00334,S007,M001,2023-12-04,2024-01-03,439,35.99,Late
PO00335,S010,M013,2023-02-19,2023-03-23,331,132.8,Late
PO00336,S008,M014,2023-06-08,2023-07-06,235,16.34,Late
PO00337,S007,M002,2023-07-06,2023-07-31,77,27.13,On Time
PO00338,S005,M005,2023-06-01,2023-06-14,392,88.95,Late
PO00339,S004,M001,2023-04-13,2023-04-24,412,112.49,Late
PO00340,S006,M005,2023-07-07,2023-07-25,266,183.56,On Time
PO00341,S001,M011,2023-03-26,2023-04-05,477,166.69,On Time
PO00342,S006,M001,2023-09-04,2023-10-01,161,151.85,On Time
PO00343,S010,M012,2023-06-23,2023-07-22,68,98.98,Late
PO00344,S008,M002,2023-02-08,2023-02-15,396,193.64,Late
PO00345,S004,M009,2023-12-13,2024-01-14,355,196.19,Late
PO00346,S007,M008,2023-10-13,2023-10-26,56,160.23,On Time
PO00347,S008,M008,2023-01-08,2023-01-19,284,33.48,Late
PO00348,S002,M012,2023-07-08,2023-07-31,393,137.74,On Time
PO00349,S004,M012,2023-10-27,2023-11-10,431,131.32,On Time
PO00350,S006,M014,2023-07-10,2023-07-16,355,54.43,Late
PO00351,S009,M015,2023-01-13,2023-02-08,462,189.2,Late
PO00352,S008,M010,2023-06-17,2023-07-08,123,133.05,On Time
PO00353,S007,M003,2023-11-22,2023-12-20,247,182.78,On Time
PO00354,S007,M015,2023-06-04,2023-06-27,219,32.17,Late
PO00355,S009,M003,2023-01-24,2023-02-01,165,199.23,Late
PO00356,S001,M013,2023-03-01,2023-03-16,130,178.58,Late
PO00357,S008,M006,2023-03-11,2023-03-26,242,80.49,Late
PO00358,S008,M014,2023-12-23,2024-01-16,224,121.59,Late
PO00359,S003,M005,2023-03-21,2023-04-20,222,134.44,On Time
PO00360,S009,M003,2023-09-08,2023-09-30,218,188.42,Late
PO00361,S008,M015,2023-05-24,2023-06-01,363,80.4,Late
PO00362,S005,M003,2023-08-16,2023-09-08,496,54.86,Late
PO00363,S004,M012,2023-07-05,2023-07-10,361,79.79,On Time
PO00364,S007,M003,2023-11-27,2023-12-11,41,85.65,Late
PO00365,S006,M012,2023-04-08,2023-04-14,495,171.13,Late
PO00366,S001,M004,2023-08-21,2023-08-30,349,50.3,Late
PO00367,S008,M009,2023-11-24,2023-12-15,20,19.61,On Time
PO00368,S009,M006,2023-06-20,2023-06-29,74,159.53,On Time
PO00369,S010,M002,2023-04-16,2023-04-20,434,155.38,On Time
PO00370,S004,M005,2023-04-17,2023-05-07,120,164.48,On Time
PO00371,S001,M012,2023-04-30,2023-05-12,406,38.04,On Time
PO00372,S007,M004,2023-11-02,2023-11-04,151,173.1,On Time
PO00373,S002,M001,2023-03-16,2023-03-22,286,57.62,On Time
PO00374,S008,M001,2023-03-31,2023-04-06,348,174.63,Late
PO00375,S008,M002,2023-03-09,2023-03-12,193,160.1,Late
PO00376,S001,M010,2023-05-02,2023-05-22,175,13.0,On Time
PO00377,S004,M008,2023-05-16,2023-05-19,74,150.93,On Time
PO00378,S002,M008,2023-09-27,2023-10-03,391,22.08,Late
PO00379,S007,M003,2023-08-18,2023-09-13,195,107.52,On Time
PO00380,S003,M013,2023-02-25,2023-03-14,267,52.09,Late
PO00381,S004,M014,2023-11-11,2023-11-14,382,158.81,On Time
PO00382,S005,M007,2023-12-04,2023-12-22,164,97.03,On Time
PO00383,S005,M003,2023-01-16,2023-01-19,255,170.99,On Time
PO00384,S003,M004,2023-08-07,2023-08-30,65,103.15,On Time
PO00385,S009,M001,2023-08-16,2023-08-20,470,25.35,On Time
PO00386,S002,M001,2023-11-08,2023-11-15,43,33.98,Late
PO00387,S006,M012,2023-11-16,2023-12-10,309,114.19,Late
PO00388,S010,M011,2023-06-16,2023-06-30,315,110.81,On Time
PO00389,S005,M014,2023-08-21,2023-09-18,319,91.74,Late
PO00390,S007,M009,2023-12-26,2023-12-31,446,134.4,On Time
PO00391,S004,M015,2023-10-10,2023-11-09,453,50.85,Late
PO00392,S003,M010,2023-08-20,2023-09-19,126,88.62,On Time
PO00393,S001,M001,2023-08-21,2023-09-05,222,148.63,Late
PO00394,S007,M001,2023-06-10,2023-06-25,170,136.37,On Time
PO00395,S007,M004,2023-07-11,2023-07-27,361,185.37,Late
PO00396,S002,M003,2023-02-04,2023-02-10,435,26.22,Late
PO00397,S008,M005,2023-08-10,2023-08-15,391,150.37,On Time
PO00398,S006,M015,2023-03-08,2023-03-27,40,121.43,On Time
PO00399,S008,M005,2023-10-15,2023-11-03,178,137.3,On Time
PO00400,S007,M008,2023-07-30,2023-08-12,457,136.41,On Time
PO00401,S005,M005,2023-08-05,2023-09-03,478,147.0,On Time
PO00402,S006,M002,2023-05-28,2023-06-23,169,76.81,Late
PO00403,S002,M009,2023-10-23,2023-11-15,118,39.4,Late
PO00404,S006,M006,2023-09-04,2023-09-14,443,30.56,Late
PO00405,S008,M014,2023-10-12,2023-10-26,68,154.9,Late
PO00406,S005,M010,2023-10-21,2023-10-30,423,91.53,On Time
PO00407,S002,M011,2023-10-15,2023-11-17,429,128.13,Late
PO00408,S005,M010,2023-12-12,2024-01-03,295,14.99,On Time
PO00409,S007,M002,2023-12-03,2023-12-31,365,60.82,On Time
PO00410,S008,M010,2023-04-03,2023-04-14,369,154.86,Late
PO00411,S005,M009,2023-06-23,2023-07-06,13,44.47,On Time
PO00412,S002,M015,2023-03-15,2023-04-05,346,86.15,Late
PO00413,S008,M012,2023-03-14,2023-04-09,334,194.64,Late
PO00414,S001,M003,2023-02-16,2023-03-15,281,50.88,Late
PO00415,S007,M004,2023-08-03,2023-08-19,184,39.91,On Time
PO00416,S006,M010,2023-06-09,2023-07-04,176,157.6,On Time
PO00417,S007,M007,2023-10-18,2023-11-08,53,177.84,On Time
PO00418,S009,M008,2023-03-21,2023-03-29,396,127.39,Late
PO00419,S006,M013,2023-12-12,2023-12-16,149,94.19,On Time
PO00420,S006,M012,2023-08-06,2023-08-23,320,93.99,On Time
PO00421,S005,M009,2023-05-20,2023-05-28,396,107.35,On Time
PO00422,S007,M009,2023-06-26,2023-07-11,66,63.82,On Time
PO00423,S009,M012,2023-12-14,2024-01-03,259,110.12,On Time
PO00424,S002,M011,2023-06-07,2023-06-10,122,85.1,On Time
PO00425,S002,M007,2023-11-03,2023-11-16,13,48.84,Late
PO00426,S006,M004,2023-04-19,2023-05-15,80,155.19,On Time
PO00427,S009,M001,2023-05-29,2023-06-10,71,11.47,On Time
PO00428,S003,M006,2023-08-09,2023-08-17,76,82.24,Late
PO00429,S002,M008,2023-12-27,2024-01-05,266,116.16,On Time
PO00430,S006,M013,2023-12-09,2024-01-10,191,23.69,Late
PO00431,S001,M011,2023-01-22,2023-02-06,19,97.35,On Time
PO00432,S007,M001,2023-02-09,2023-03-10,170,119.39,On Time
PO00433,S007,M005,2023-10-21,2023-11-04,373,131.63,On Time
PO00434,S009,M007,2023-05-29,2023-06-03,217,13.96,On Time
PO00435,S001,M010,2023-06-16,2023-06-28,420,190.05,Late
PO00436,S009,M009,2023-08-24,2023-09-21,363,184.76,On Time
PO00437,S001,M014,2023-02-15,2023-03-03,442,30.11,Late
PO00438,S007,M003,2023-08-12,2023-09-01,215,109.55,On Time
PO00439,S004,M009,2023-07-22,2023-08-30,168,151.7,Late
PO00440,S005,M002,2023-04-24,2023-05-06,408,41.95,On Time
PO00441,S009,M012,2023-09-19,2023-10-11,68,110.81,On Time
PO00442,S007,M002,2023-04-10,2023-05-11,407,76.38,Late
PO00443,S009,M013,2023-11-27,2023-12-27,85,54.89,Late
PO00444,S007,M010,2023-03-16,2023-03-26,111,42.96,On Time
PO00445,S010,M013,2023-03-20,2023-04-15,398,134.55,On Time
PO00446,S010,M013,2023-04-01,2023-04-27,331,103.88,On Time
PO00447,S006,M011,2023-10-16,2023-11-12,306,95.29,Late
PO00448,S002,M008,2023-10-17,2023-11-08,335,197.44,On Time
PO00449,S006,M010,2023-06-15,2023-07-16,331,70.07,Late
PO00450,S007,M005,2023-08-14,2023-08-19,250,94.02,Late
PO00451,S008,M013,2023-06-05,2023-07-02,150,122.37,On Time
PO00452,S004,M007,2023-06-30,2023-07-19,47,68.98,Late
PO00453,S010,M001,2023-08-20,2023-08-23,39,80.06,On Time
PO00454,S006,M011,2023-05-27,2023-05-31,340,174.21,On Time
PO00455,S006,M004,2023-02-16,2023-03-09,314,106.34,On Time
PO00456,S009,M007,2023-08-25,2023-09-14,293,191.3,On Time
PO00457,S003,M005,2023-01-22,2023-02-12,475,163.87,Late
PO00458,S005,M012,2023-11-30,2023-12-15,174,124.95,Late
PO00459,S006,M013,2023-09-14,2023-09-20,500,21.76,On Time
PO00460,S003,M007,2023-02-22,2023-03-21,470,169.1,On Time
PO00461,S003,M006,2024-01-01,2024-01-05,268,132.76,On Time
PO00462,S005,M015,2023-01-21,2023-01-31,372,93.17,Late
PO00463,S003,M015,2023-08-13,2023-08-31,277,125.86,On Time
PO00464,S006,M004,2023-07-06,2023-07-19,479,63.75,On Time
PO00465,S006,M011,2023-07-29,2023-08-24,183,138.99,On Time
PO00466,S007,M013,2023-01-27,2023-02-24,333,132.99,Late
PO00467,S008,M007,2023-02-03,2023-02-15,58,116.01,On Time
PO00468,S005,M006,2023-07-17,2023-07-28,139,147.51,On Time
PO00469,S006,M005,2023-12-03,2023-12-24,457,38.57,On Time
PO00470,S006,M009,2023-02-11,2023-03-03,349,36.87,On Time
PO00471,S008,M013,2023-06-29,2023-07-10,345,142.71,On Time
PO00472,S007,M008,2023-07-20,2023-07-26,314,144.68,On Time
PO00473,S006,M006,2023-02-13,2023-02-24,296,81.57,On Time
PO00474,S003,M003,2023-06-18,2023-07-16,75,137.32,On Time
PO00475,S008,M006,2023-12-17,2024-01-14,57,132.74,Late
PO00476,S009,M011,2023-08-05,2023-08-28,195,13.46,Late
PO00477,S010,M010,2023-06-08,2023-06-16,496,50.7,Late
PO00478,S007,M003,2023-09-06,2023-09-24,125,200.0,Late
PO00479,S010,M002,2023-03-21,2023-03-25,161,170.44,On Time
PO00480,S010,M004,2023-02-21,2023-03-11,404,112.56,On Time
PO00481,S004,M010,2023-09-27,2023-09-30,348,73.99,On Time
PO00482,S002,M014,2023-11-13,2023-11-19,315,81.58,On Time
PO00483,S009,M014,2023-03-25,2023-04-01,435,141.64,On Time
PO00484,S010,M015,2023-11-16,2023-12-14,472,41.45,Late
PO00485,S007,M012,2023-08-13,2023-08-17,220,79.22,Late
PO00486,S007,M002,2023-05-02,2023-05-23,322,64.14,Late
PO00487,S003,M002,2023-08-18,2023-08-27,283,55.44,On Time
PO00488,S001,M009,2023-08-29,2023-09-28,437,46.86,On Time
PO00489,S005,M001,2023-12-14,2024-01-03,235,97.72,On Time
PO00490,S003,M014,2023-05-25,2023-06-21,205,105.55,Late
PO00491,S009,M008,2023-08-03,2023-08-10,428,47.94,On Time
PO00492,S009,M010,2023-11-06,2023-11-13,456,57.5,Late
PO00493,S005,M012,2023-11-25,2023-12-12,457,80.53,On Time
PO00494,S006,M009,2023-02-22,2023-03-25,443,108.02,Late
PO00495,S003,M010,2023-03-05,2023-03-17,52,154.99,Late
PO00496,S009,M013,2023-05-20,2023-06-05,473,107.54,On Time
PO00497,S007,M014,2023-08-12,2023-08-17,494,183.0,Late
PO00498,S009,M010,2023-08-19,2023-09-18,188,186.79,On Time
PO00499,S002,M006,2023-08-01,2023-08-04,212,105.38,On Time
PO00500,S002,M002,2023-05-01,2023-05-15,51,81.23,On Time
PO00501,S007,M011,2023-01-15,2023-01-27,486,28.83,On Time
PO00502,S003,M001,2024-01-01,2024-01-24,181,160.36,Late
PO00503,S003,M004,2023-03-12,2023-03-15,156,184.31,On Time
PO00504,S004,M009,2023-08-30,2023-09-24,435,36.37,Late
PO00505,S010,M008,2023-12-28,2024-01-24,239,126.92,Late
PO00506,S006,M010,2023-02-10,2023-02-12,141,50.97,On Time
PO00507,S006,M011,2023-03-18,2023-04-06,491,148.17,On Time
PO00508,S009,M009,2023-09-28,2023-10-13,66,157.47,On Time
PO00509,S002,M012,2023-05-02,2023-05-20,72,19.07,Late
PO00510,S007,M008,2023-08-03,2023-08-25,416,128.33,On Time
PO00511,S008,M014,2023-02-02,2023-02-07,438,181.98,On Time
PO00512,S006,M012,2023-11-02,2023-11-23,18,130.07,Late
PO00513,S010,M005,2023-10-22,2023-10-31,377,37.28,On Time
PO00514,S010,M015,2023-08-08,2023-08-10,324,77.04,On Time
PO00515,S004,M004,2023-10-20,2023-11-04,105,136.23,On Time
PO00516,S007,M004,2023-02-13,2023-03-03,194,22.86,On Time
PO00517,S007,M012,2023-09-27,2023-10-16,269,159.42,On Time
PO00518,S003,M008,2023-09-17,2023-10-06,20,84.19,On Time
PO00519,S003,M003,2023-08-29,2023-09-02,335,83.51,Late
PO00520,S010,M002,2023-07-11,2023-07-22,392,13.09,Late
PO00521,S007,M001,2023-02-04,2023-02-19,133,149.26,Late
PO00522,S006,M006,2023-11-18,2023-11-23,405,120.56,On Time
PO00523,S010,M005,2023-06-20,2023-06-27,32,76.94,Late
PO00524,S003,M013,2023-06-23,2023-07-21,339,43.27,On Time
PO00525,S010,M004,2023-12-17,2024-01-02,366,100.92,On Time
PO00526,S004,M011,2023-04-04,2023-05-02,79,21.99,Late
PO00527,S007,M008,2023-08-23,2023-08-27,160,48.3,Late
PO00528,S008,M007,2023-04-13,2023-05-13,31,69.96,On Time
PO00529,S008,M006,2023-06-08,2023-06-27,213,197.93,Late
PO00530,S009,M005,2023-10-06,2023-10-28,139,16.96,Late
PO00531,S003,M008,2023-11-28,2023-12-06,156,77.83,On Time
PO00532,S008,M002,2023-01-25,2023-02-23,345,73.07,On Time
PO00533,S002,M003,2023-03-05,2023-04-06,198,93.02,Late
PO00534,S008,M004,2023-07-24,2023-08-18,235,179.98,On Time
PO00535,S010,M003,2023-07-17,2023-08-05,105,104.28,Late
PO00536,S003,M014,2023-09-12,2023-09-26,483,161.49,Late
PO00537,S009,M015,2023-05-17,2023-06-13,52,148.15,On Time
PO00538,S006,M013,2023-02-10,2023-03-07,318,199.07,Late
PO00539,S007,M009,2023-04-03,2023-04-23,160,71.03,Late
PO00540,S006,M002,2023-02-10,2023-02-23,348,66.17,Late
PO00541,S009,M011,2023-08-17,2023-09-07,377,90.96,On Time
PO00542,S009,M015,2023-12-20,2024-01-05,189,94.95,On Time
PO00543,S010,M004,2023-06-30,2023-07-21,232,62.17,On Time
PO00544,S010,M013,2023-01-30,2023-02-08,353,131.13,Late
PO00545,S004,M002,2023-07-06,2023-07-24,420,152.48,On Time
PO00546,S010,M015,2023-03-23,2023-03-25,83,171.25,On Time
PO00547,S001,M005,2023-12-14,2024-01-10,234,16.61,On Time
PO00548,S006,M010,2023-02-04,2023-02-13,408,132.58,On Time
PO00549,S006,M009,2023-07-05,2023-07-20,496,117.78,Late
PO00550,S001,M012,2023-11-06,2023-11-12,357,95.49,On Time
PO00551,S009,M005,2023-07-09,2023-07-22,237,154.99,On Time
PO00552,S004,M008,2023-10-21,2023-10-27,281,79.72,On Time
PO00553,S008,M002,2023-06-10,2023-07-07,152,57.43,Late
PO00554,S003,M001,2023-02-28,2023-03-02,386,45.35,On Time
PO00555,S006,M005,2023-09-23,2023-10-07,477,116.72,On Time
PO00556,S003,M014,2023-05-15,2023-06-10,143,143.77,On Time
PO00557,S001,M010,2023-04-20,2023-05-11,156,141.86,On Time
PO00558,S003,M007,2023-09-09,2023-09-17,72,35.79,On Time
PO00559,S007,M010,2023-02-07,2023-02-23,98,180.75,On Time
PO00560,S006,M003,2023-08-16,2023-08-25,424,139.57,Late
PO00561,S005,M015,2023-06-13,2023-07-13,187,144.81,Late
PO00562,S006,M015,2023-10-09,2023-10-29,158,179.35,Late
PO00563,S010,M003,2023-03-22,2023-04-15,373,186.19,On Time
PO00564,S007,M011,2023-11-23,2023-12-01,416,78.68,Late
PO00565,S009,M004,2023-04-25,2023-05-01,112,160.49,Late
PO00566,S003,M001,2023-05-02,2023-06-03,262,14.99,Late
PO00567,S004,M010,2023-10-11,2023-11-02,198,98.81,Late
PO00568,S010,M012,2023-10-10,2023-10-16,323,178.01,On Time
PO00569,S010,M001,2023-02-03,2023-02-16,213,199.92,Late
PO00570,S010,M009,2023-09-03,2023-09-21,220,156.14,On Time
PO00571,S001,M013,2023-10-22,2023-10-28,74,194.75,Late
PO00572,S009,M010,2023-11-25,2023-12-06,240,98.51,Late
PO00573,S004,M001,2023-09-22,2023-10-10,75,176.81,Late
PO00574,S006,M011,2023-10-10,2023-11-01,310,44.57,On Time
PO00575,S008,M009,2023-03-08,2023-03-24,267,183.04,Late
PO00576,S005,M013,2023-01-29,2023-02-27,73,108.44,Late
PO00577,S007,M006,2023-06-05,2023-06-12,92,71.31,On Time
PO00578,S007,M004,2023-12-30,2024-01-13,187,190.02,Late
PO00579,S010,M004,2023-09-23,2023-10-23,155,170.73,On Time
PO00580,S010,M015,2023-05-09,2023-05-17,335,191.71,On Time
PO00581,S005,M013,2023-05-21,2023-05-28,330,67.54,Late
PO00582,S010,M001,2023-10-01,2023-10-05,267,131.79,On Time
PO00583,S008,M006,2023-10-31,2023-11-22,88,42.53,Late
PO00584,S002,M004,2023-11-16,2023-12-12,471,124.98,Late
PO00585,S002,M010,2023-10-16,2023-10-24,432,174.12,Late
PO00586,S003,M002,2023-02-11,2023-02-14,495,131.88,On Time
PO00587,S003,M008,2023-10-23,2023-11-09,343,50.05,Late
PO00588,S010,M004,2023-10-20,2023-11-04,326,131.41,On Time
PO00589,S007,M013,2023-09-12,2023-10-12,331,113.66,On Time
PO00590,S010,M014,2023-11-25,2023-12-07,257,56.53,Late
PO00591,S001,M010,2023-12-17,2024-01-05,162,96.17,Late
PO00592,S009,M005,2023-12-19,2023-12-22,90,93.53,On Time
PO00593,S008,M002,2023-09-05,2023-09-21,114,74.64,On Time
PO00594,S004,M006,2023-03-15,2023-03-28,451,146.49,Late
PO00595,S009,M008,2023-06-26,2023-07-10,76,154.53,On Time
PO00596,S004,M007,2023-09-21,2023-10-17,64,70.63,Late
PO00597,S010,M014,2023-08-27,2023-09-02,146,95.42,Late
PO00598,S002,M009,2023-03-14,2023-03-21,35,65.14,Late
PO00599,S003,M007,2023-07-16,2023-08-14,325,89.45,On Time
PO00600,S003,M005,2023-03-23,2023-04-21,177,187.41,Late
PO00601,S001,M011,2023-06-10,2023-06-19,400,40.28,Late
PO00602,S003,M007,2023-09-21,2023-10-12,265,177.02,Late
PO00603,S005,M008,2023-09-12,2023-09-15,56,189.59,Late
PO00604,S001,M009,2023-09-16,2023-10-02,133,50.88,On Time
PO00605,S007,M001,2023-06-30,2023-07-04,35,63.46,Late
PO00606,S009,M002,2023-11-02,2023-12-02,441,134.31,On Time
PO00607,S005,M001,2023-08-29,2023-09-09,284,11.55,On Time
PO00608,S009,M012,2023-02-25,2023-03-13,78,177.67,Late
PO00609,S009,M005,2023-07-07,2023-08-04,216,79.53,Late
PO00610,S001,M003,2023-07-25,2023-08-02,301,116.75,Late
PO00611,S004,M006,2023-07-05,2023-07-24,157,23.97,On Time
PO00612,S010,M003,2023-09-16,2023-10-02,401,114.47,On Time
PO00613,S005,M006,2023-11-16,2023-12-14,322,32.57,Late
PO00614,S007,M012,2023-02-19,2023-03-05,201,161.03,On Time
PO00615,S005,M006,2023-06-23,2023-07-13,490,79.47,Late
PO00616,S008,M001,2023-03-15,2023-03-23,318,106.73,On Time
PO00617,S003,M013,2023-09-14,2023-09-18,33,17.39,Late
PO00618,S006,M007,2024-01-01,2024-01-13,421,100.01,On Time
PO00619,S001,M001,2023-08-22,2023-08-29,320,179.7,Late
PO00620,S006,M015,2023-03-13,2023-03-25,486,126.48,On Time
PO00621,S004,M011,2023-03-25,2023-04-09,325,150.47,Late
PO00622,S003,M005,2023-06-03,2023-06-23,182,106.39,On Time
PO00623,S005,M011,2023-09-18,2023-10-09,260,144.66,Late
PO00624,S008,M011,2023-06-03,2023-06-20,427,13.16,On Time
PO00625,S005,M004,2023-06-19,2023-07-13,66,196.18,Late
PO00626,S010,M003,2023-10-26,2023-11-06,417,180.77,On Time
PO00627,S001,M005,2023-12-19,2024-01-15,23,123.41,Late
PO00628,S007,M001,2023-05-16,2023-06-17,410,194.69,Late
PO00629,S006,M009,2023-10-24,2023-11-13,126,147.07,On Time
PO00630,S004,M003,2023-10-26,2023-11-12,97,109.6,On Time
PO00631,S002,M013,2023-11-14,2023-12-10,440,82.24,On Time
PO00632,S006,M014,2023-12-15,2023-12-24,26,118.79,On Time
PO00633,S010,M009,2023-12-25,2023-12-31,107,13.6,Late
PO00634,S010,M015,2023-06-10,2023-06-25,87,88.46,On Time
PO00635,S010,M014,2023-04-15,2023-04-30,266,157.24,On Time
PO00636,S005,M003,2023-08-30,2023-10-08,444,149.81,Late
PO00637,S006,M004,2023-02-01,2023-02-25,80,108.55,On Time
PO00638,S007,M005,2023-10-15,2023-10-27,349,100.89,On Time
PO00639,S007,M006,2023-07-12,2023-07-24,499,42.9,On Time
PO00640,S006,M010,2023-09-30,2023-10-12,289,77.31,On Time
PO00641,S009,M013,2023-12-15,2024-01-11,421,141.73,Late
PO00642,S010,M012,2023-11-09,2023-11-26,108,191.89,On Time
PO00643,S005,M003,2023-05-23,2023-06-13,162,52.72,Late
PO00644,S007,M011,2023-06-02,2023-06-28,157,143.93,On Time
PO00645,S009,M011,2023-12-20,2024-01-14,260,70.24,Late
PO00646,S010,M013,2023-06-28,2023-07-18,488,187.55,Late
PO00647,S002,M004,2023-05-21,2023-06-02,72,118.96,Late
PO00648,S007,M007,2023-10-06,2023-10-20,468,196.23,On Time
PO00649,S008,M013,2023-06-26,2023-07-23,421,37.83,Late
PO00650,S006,M014,2023-01-22,2023-02-02,499,145.69,On Time
PO00651,S007,M001,2023-06-27,2023-07-13,345,58.72,On Time
PO00652,S006,M013,2023-09-03,2023-09-13,113,167.31,Late
PO00653,S001,M011,2023-05-19,2023-06-08,366,61.61,Late
PO00654,S001,M008,2023-02-25,2023-03-19,389,121.5,Late
PO00655,S004,M002,2023-05-05,2023-05-09,352,181.98,Late
PO00656,S005,M003,2023-04-26,2023-05-18,129,19.97,On Time
PO00657,S008,M010,2023-07-31,2023-08-13,377,99.76,Late
PO00658,S008,M009,2023-12-15,2024-01-10,80,10.98,On Time
PO00659,S008,M004,2023-10-09,2023-10-16,218,134.05,On Time
PO00660,S009,M012,2023-09-01,2023-09-18,343,47.9,On Time
PO00661,S006,M012,2023-05-28,2023-06-10,156,132.72,Late
PO00662,S008,M004,2023-02-15,2023-03-10,303,54.12,Late
PO00663,S003,M001,2023-01-20,2023-01-29,223,177.63,Late
PO00664,S003,M008,2023-04-01,2023-04-06,438,85.43,Late
PO00665,S010,M009,2023-09-11,2023-09-18,489,152.31,On Time
PO00666,S009,M001,2023-05-29,2023-06-28,29,11.76,On Time
PO00667,S005,M009,2023-10-18,2023-11-08,64,186.41,On Time
PO00668,S001,M014,2023-06-21,2023-07-04,242,197.93,Late
PO00669,S004,M001,2023-10-06,2023-10-24,262,178.96,On Time
PO00670,S003,M008,2023-03-10,2023-04-08,268,98.92,On Time
PO00671,S005,M001,2023-04-09,2023-05-06,67,72.83,On Time
PO00672,S007,M002,2023-08-23,2023-09-16,141,146.53,Late
PO00673,S002,M015,2023-01-08,2023-02-02,182,160.25,On Time
PO00674,S009,M009,2023-10-18,2023-11-11,397,46.7,Late
PO00675,S005,M014,2023-11-09,2023-12-09,337,180.44,Late
PO00676,S005,M010,2023-08-07,2023-08-25,177,26.48,On Time
PO00677,S009,M003,2023-12-09,2023-12-14,104,196.52,On Time
PO00678,S002,M010,2023-09-02,2023-09-15,489,57.13,Late
PO00679,S007,M007,2023-05-14,2023-06-02,130,94.88,Late
PO00680,S007,M004,2023-05-17,2023-05-30,164,120.67,Late
PO00681,S009,M001,2023-10-21,2023-10-23,143,134.2,On Time
PO00682,S006,M007,2023-12-21,2023-12-30,41,136.88,On Time
PO00683,S010,M003,2023-08-27,2023-09-07,91,87.03,On Time
PO00684,S008,M010,2023-09-15,2023-10-15,464,143.68,On Time
PO00685,S003,M001,2023-06-09,2023-07-03,70,131.36,On Time
PO00686,S007,M005,2023-06-01,2023-06-19,324,51.96,Late
PO00687,S003,M009,2023-03-10,2023-03-27,88,96.45,On Time
PO00688,S003,M014,2023-11-07,2023-11-20,222,143.37,On Time
PO00689,S003,M013,2023-08-30,2023-09-25,285,162.38,On Time
PO00690,S002,M006,2023-04-22,2023-05-23,136,139.26,Late
PO00691,S007,M012,2023-11-02,2023-12-01,413,25.56,On Time
PO00692,S001,M002,2023-08-17,2023-09-04,370,78.74,On Time
PO00693,S001,M005,2023-10-16,2023-10-22,41,167.47,Late
PO00694,S008,M008,2023-09-16,2023-09-24,303,111.97,On Time
PO00695,S002,M008,2023-03-26,2023-04-09,447,108.86,Late
PO00696,S003,M006,2023-03-01,2023-03-24,115,146.21,On Time
PO00697,S008,M015,2023-09-08,2023-09-13,470,106.97,Late
PO00698,S008,M001,2023-01-29,2023-02-15,77,107.52,Late
PO00699,S001,M002,2023-08-22,2023-09-12,39,116.17,Late
PO00700,S006,M002,2023-12-11,2024-01-12,167,147.42,Late
PO00701,S003,M012,2023-07-22,2023-08-02,428,10.57,Late
PO00702,S003,M008,2023-04-22,2023-05-12,47,18.61,On Time
PO00703,S009,M011,2023-06-26,2023-07-20,42,112.82,On Time
PO00704,S010,M007,2023-01-31,2023-03-03,45,197.37,Late
PO00705,S008,M007,2023-08-30,2023-09-03,156,87.68,Late
PO00706,S009,M013,2023-03-11,2023-04-07,338,195.88,Late
PO00707,S010,M009,2023-11-27,2023-12-17,201,198.64,Late
PO00708,S001,M002,2023-07-15,2023-08-05,455,184.25,Late
PO00709,S003,M002,2023-07-13,2023-07-27,51,139.72,On Time
PO00710,S010,M001,2023-12-05,2024-01-08,286,35.27,Late
PO00711,S001,M010,2023-06-28,2023-07-03,101,198.64,On Time
PO00712,S001,M015,2023-07-21,2023-08-10,75,148.29,Late
PO00713,S010,M004,2023-04-25,2023-05-28,11,153.67,Late
PO00714,S008,M005,2023-06-02,2023-06-18,354,146.63,On Time
PO00715,S007,M005,2023-08-06,2023-08-25,204,166.44,On Time
PO00716,S004,M009,2023-05-07,2023-05-23,187,39.47,On Time
PO00717,S007,M015,2023-04-07,2023-05-12,381,155.44,Late
PO00718,S010,M003,2023-01-17,2023-02-14,348,89.66,Late
PO00719,S005,M009,2023-01-09,2023-01-18,115,22.79,On Time
PO00720,S003,M013,2023-11-01,2023-11-04,238,123.58,On Time
PO00721,S004,M012,2023-12-27,2024-01-25,34,56.5,On Time
PO00722,S009,M012,2023-01-23,2023-02-06,234,54.52,On Time
PO00723,S001,M006,2023-04-22,2023-05-18,452,157.45,On Time
PO00724,S007,M011,2023-03-13,2023-03-31,158,54.49,On Time
PO00725,S002,M014,2023-10-22,2023-11-03,305,123.6,On Time
PO00726,S001,M003,2023-12-11,2024-01-09,174,55.01,Late
PO00727,S009,M012,2023-03-15,2023-04-12,276,52.0,Late
PO00728,S008,M013,2023-06-03,2023-06-20,41,115.78,Late
PO00729,S007,M010,2023-10-30,2023-12-04,386,183.2,Late
PO00730,S007,M010,2023-11-17,2023-12-17,228,115.61,Late
PO00731,S009,M003,2023-01-25,2023-02-07,492,132.23,On Time
PO00732,S004,M005,2023-07-15,2023-08-12,278,70.56,Late
PO00733,S004,M009,2023-08-02,2023-08-18,86,66.98,Late
PO00734,S002,M004,2023-04-05,2023-05-01,285,99.97,On Time
PO00735,S008,M003,2023-04-26,2023-05-12,449,144.44,Late
PO00736,S002,M004,2023-08-26,2023-08-29,297,88.41,On Time
PO00737,S006,M012,2023-08-02,2023-08-26,281,35.48,Late
PO00738,S006,M003,2023-05-05,2023-05-20,114,72.75,Late
PO00739,S010,M013,2023-02-10,2023-02-28,443,80.5,Late
PO00740,S004,M012,2023-10-02,2023-11-01,434,46.19,Late
PO00741,S010,M003,2023-05-18,2023-06-03,354,124.94,Late
PO00742,S006,M002,2023-01-21,2023-02-19,47,45.75,On Time
PO00743,S003,M001,2023-10-28,2023-11-22,353,116.18,On Time
PO00744,S003,M001,2023-09-03,2023-09-13,455,182.34,Late
PO00745,S003,M011,2023-06-05,2023-06-07,118,188.06,On Time
PO00746,S001,M007,2023-03-02,2023-03-29,396,100.99,Late
PO00747,S007,M006,2023-05-05,2023-06-03,319,143.72,Late
PO00748,S007,M010,2023-07-23,2023-08-06,292,71.11,Late
PO00749,S007,M007,2023-05-25,2023-06-08,248,111.39,On Time
PO00750,S004,M009,2023-07-03,2023-07-14,143,78.33,On Time
PO00751,S001,M009,2023-09-12,2023-10-08,60,162.54,Late
PO00752,S007,M008,2023-08-29,2023-09-24,439,70.84,On Time
PO00753,S004,M013,2023-04-15,2023-04-28,170,88.65,On Time
PO00754,S001,M001,2023-10-16,2023-11-24,123,150.84,Late
PO00755,S005,M006,2023-01-09,2023-01-19,293,187.6,On Time
PO00756,S005,M004,2023-10-24,2023-11-18,223,66.09,On Time
PO00757,S007,M004,2023-04-11,2023-04-24,127,82.17,Late
PO00758,S005,M005,2023-05-06,2023-05-23,291,134.38,On Time
PO00759,S004,M004,2023-12-17,2023-12-29,141,155.04,On Time
PO00760,S001,M003,2023-09-08,2023-10-03,338,150.52,On Time
PO00761,S004,M004,2023-08-24,2023-09-05,385,161.05,Late
PO00762,S003,M009,2023-03-28,2023-04-08,378,113.84,Late
PO00763,S005,M009,2023-04-05,2023-05-05,287,198.16,On Time
PO00764,S005,M007,2023-01-31,2023-02-18,27,169.42,On Time
PO00765,S006,M012,2023-02-08,2023-03-10,352,19.22,Late
PO00766,S005,M008,2023-01-04,2023-01-19,80,170.08,On Time
PO00767,S006,M009,2023-04-29,2023-05-10,372,38.7,Late
PO00768,S008,M013,2023-04-22,2023-05-10,243,80.91,On Time
PO00769,S006,M012,2023-11-13,2023-12-06,351,187.44,Late
PO00770,S004,M002,2023-09-05,2023-09-28,259,12.99,On Time
PO00771,S001,M015,2023-09-30,2023-10-20,220,12.25,Late
PO00772,S002,M002,2023-09-29,2023-10-26,150,111.79,Late
PO00773,S006,M012,2023-05-27,2023-06-03,267,164.5,Late
PO00774,S001,M005,2023-12-12,2024-01-06,422,188.55,Late
PO00775,S004,M015,2023-04-02,2023-04-08,480,28.3,Late
PO00776,S002,M008,2023-03-18,2023-03-27,108,127.76,On Time
PO00777,S004,M013,2023-05-10,2023-06-07,191,60.79,On Time
PO00778,S006,M006,2023-07-23,2023-07-27,201,192.27,On Time
PO00779,S004,M010,2023-08-24,2023-09-18,134,198.14,Late
PO00780,S006,M003,2023-04-26,2023-05-17,360,167.33,Late
PO00781,S006,M006,2023-02-11,2023-03-06,449,133.48,Late
PO00782,S006,M007,2023-01-17,2023-01-28,217,82.06,Late
PO00783,S009,M006,2023-10-10,2023-10-27,38,130.98,On Time
PO00784,S001,M011,2023-12-26,2024-01-02,52,104.97,On Time
PO00785,S008,M004,2023-08-11,2023-09-02,411,72.94,On Time
PO00786,S010,M011,2023-02-18,2023-03-20,280,184.64,On Time
PO00787,S004,M015,2023-04-28,2023-05-11,471,174.94,Late
PO00788,S009,M006,2023-10-18,2023-11-04,148,18.85,On Time
PO00789,S010,M003,2023-02-08,2023-03-03,483,63.27,On Time
PO00790,S002,M004,2023-10-06,2023-10-28,346,16.25,Late
PO00791,S001,M008,2023-06-11,2023-06-14,116,121.54,Late
PO00792,S004,M010,2023-12-31,2024-01-30,213,186.49,Late
PO00793,S002,M005,2023-06-03,2023-06-11,298,55.69,Late
PO00794,S007,M005,2023-07-19,2023-08-12,469,112.71,Late
PO00795,S006,M002,2023-07-16,2023-08-13,388,36.59,Late
PO00796,S007,M003,2023-12-19,2024-01-13,50,105.15,On Time
PO00797,S006,M007,2023-06-27,2023-07-01,60,93.05,Late
PO00798,S007,M014,2023-02-08,2023-02-22,319,156.11,Late
PO00799,S008,M012,2023-11-01,2023-11-25,406,72.01,Late
PO00800,S006,M013,2023-11-21,2023-12-01,411,198.59,On Time
PO00801,S004,M002,2023-09-09,2023-09-20,192,115.08,Late
PO00802,S008,M006,2023-07-12,2023-07-27,105,139.14,On Time
PO00803,S003,M002,2023-12-05,2023-12-21,53,156.71,Late
PO00804,S007,M002,2023-06-01,2023-06-28,136,145.49,On Time
PO00805,S008,M004,2023-02-12,2023-02-22,88,82.2,On Time
PO00806,S010,M004,2023-11-21,2023-12-02,388,84.03,Late
PO00807,S010,M009,2023-07-04,2023-07-10,56,10.99,Late
PO00808,S002,M002,2023-06-07,2023-06-23,194,154.66,On Time
PO00809,S005,M011,2023-02-22,2023-02-28,54,45.6,On Time
PO00810,S002,M004,2023-08-18,2023-09-06,294,107.36,On Time
PO00811,S010,M006,2023-02-22,2023-02-25,55,77.24,Late
PO00812,S009,M008,2023-02-17,2023-03-11,316,159.04,Late
PO00813,S009,M008,2023-07-17,2023-07-24,159,88.62,Late
PO00814,S003,M013,2023-02-13,2023-03-17,471,116.31,Late
PO00815,S002,M009,2023-05-05,2023-05-25,276,42.22,On Time
PO00816,S008,M002,2023-07-14,2023-07-23,81,61.09,Late
PO00817,S006,M009,2023-05-18,2023-06-09,84,22.02,Late
PO00818,S002,M005,2023-08-11,2023-08-21,225,66.95,On Time
PO00819,S007,M001,2023-02-09,2023-02-22,138,189.4,On Time
PO00820,S004,M007,2023-11-17,2023-12-09,314,127.17,Late
PO00821,S001,M013,2023-08-23,2023-08-30,79,67.89,Late
PO00822,S006,M004,2023-07-22,2023-08-04,440,127.84,Late
PO00823,S001,M014,2023-06-18,2023-07-04,181,91.82,On Time
PO00824,S006,M005,2023-11-30,2023-12-21,79,67.08,On Time
PO00825,S008,M015,2023-11-05,2023-12-04,112,101.01,Late
PO00826,S004,M009,2023-04-01,2023-04-16,173,65.38,Late
PO00827,S004,M014,2023-12-22,2024-01-13,261,193.87,On Time
PO00828,S002,M005,2023-05-05,2023-05-19,202,63.26,Late
PO00829,S010,M007,2023-07-21,2023-08-03,68,187.09,On Time
PO00830,S008,M004,2023-04-13,2023-05-03,289,44.19,On Time
PO00831,S003,M010,2023-10-09,2023-10-11,497,148.17,On Time
PO00832,S010,M008,2023-12-29,2024-01-06,234,161.56,On Time
PO00833,S008,M010,2023-12-21,2023-12-25,429,171.08,On Time
PO00834,S001,M006,2023-07-29,2023-08-21,265,36.44,On Time
PO00835,S006,M001,2023-06-05,2023-06-14,139,135.15,On Time
PO00836,S005,M007,2023-08-05,2023-09-02,203,24.05,Late
PO00837,S003,M010,2023-11-03,2023-11-20,308,86.15,On Time
PO00838,S004,M009,2023-09-17,2023-10-17,364,89.48,Late
PO00839,S007,M008,2023-01-19,2023-02-16,194,143.31,Late
PO00840,S007,M004,2023-10-02,2023-10-24,336,183.74,Late
PO00841,S006,M010,2023-02-25,2023-03-28,137,134.94,Late
PO00842,S003,M003,2023-07-01,2023-07-13,341,126.41,Late
PO00843,S004,M003,2023-10-16,2023-11-07,356,132.88,On Time
PO00844,S005,M005,2023-06-19,2023-07-16,230,30.13,On Time
PO00845,S010,M001,2023-02-20,2023-03-04,123,107.03,Late
PO00846,S001,M004,2023-09-23,2023-10-14,307,140.66,Late
PO00847,S004,M001,2023-04-24,2023-05-11,201,84.32,Late
PO00848,S010,M013,2023-12-14,2024-01-04,363,105.09,Late
PO00849,S004,M010,2023-06-26,2023-07-03,257,29.86,Late
PO00850,S009,M014,2023-08-01,2023-08-12,69,167.95,Late
PO00851,S005,M012,2023-03-14,2023-03-27,169,75.18,On Time
PO00852,S001,M011,2023-04-16,2023-05-04,257,76.18,On Time
PO00853,S003,M012,2023-02-19,2023-03-09,379,142.39,Late
PO00854,S009,M007,2023-06-13,2023-06-17,163,18.49,On Time
PO00855,S005,M010,2023-12-30,2024-01-04,21,171.34,On Time
PO00856,S003,M002,2023-11-28,2023-12-03,356,162.01,On Time
PO00857,S002,M007,2023-05-05,2023-05-23,99,114.86,On Time
PO00858,S003,M005,2023-06-19,2023-07-08,228,192.11,On Time
PO00859,S007,M001,2023-04-29,2023-05-27,217,129.65,Late
PO00860,S003,M003,2023-04-06,2023-04-29,346,92.11,Late
PO00861,S004,M005,2023-01-15,2023-02-10,324,177.79,Late
PO00862,S006,M013,2023-08-19,2023-09-10,229,83.88,Late
PO00863,S005,M015,2023-12-27,2024-01-04,115,62.89,On Time
PO00864,S001,M004,2023-12-27,2024-01-23,417,21.89,On Time
PO00865,S007,M005,2023-02-22,2023-03-22,456,112.01,Late
PO00866,S007,M015,2023-07-07,2023-07-20,110,96.93,Late
PO00867,S008,M012,2023-05-15,2023-06-07,451,103.0,On Time
PO00868,S002,M001,2023-11-24,2023-12-16,315,83.84,Late
PO00869,S009,M012,2023-07-20,2023-08-09,68,76.11,On Time
PO00870,S001,M001,2023-08-23,2023-09-13,98,164.61,On Time
PO00871,S003,M004,2023-12-28,2024-01-24,162,184.55,On Time
PO00872,S004,M015,2023-10-30,2023-11-05,354,35.45,Late
PO00873,S004,M002,2023-03-02,2023-03-11,166,32.22,On Time
PO00874,S005,M003,2023-07-11,2023-08-04,82,107.06,On Time
PO00875,S007,M001,2023-08-03,2023-08-25,80,119.21,Late
PO00876,S004,M012,2023-08-05,2023-08-12,259,130.75,On Time
PO00877,S003,M004,2023-12-22,2024-01-13,486,199.98,On Time
PO00878,S006,M009,2023-10-12,2023-10-21,260,64.88,Late
PO00879,S002,M003,2023-04-06,2023-04-28,441,95.69,Late
PO00880,S009,M013,2023-01-28,2023-02-26,193,190.85,On Time
PO00881,S006,M010,2023-09-06,2023-09-12,109,164.89,On Time
PO00882,S001,M014,2023-10-15,2023-11-02,344,104.04,On Time
PO00883,S010,M008,2023-12-17,2024-01-03,222,144.93,On Time
PO00884,S006,M003,2023-08-16,2023-09-07,95,25.71,Late
PO00885,S002,M004,2023-01-16,2023-02-17,399,51.9,Late
PO00886,S004,M010,2023-01-17,2023-01-28,125,112.15,Late
PO00887,S005,M009,2023-03-28,2023-04-24,244,117.47,Late
PO00888,S007,M003,2023-09-11,2023-10-02,271,31.51,Late
PO00889,S004,M014,2023-02-28,2023-03-10,406,113.19,On Time
PO00890,S008,M003,2023-07-07,2023-07-26,431,153.79,On Time
PO00891,S010,M001,2023-08-14,2023-09-02,121,198.06,On Time
PO00892,S005,M007,2023-02-22,2023-03-19,434,134.2,On Time
PO00893,S008,M015,2023-05-07,2023-05-23,457,199.87,Late
PO00894,S006,M014,2023-08-19,2023-08-31,188,173.82,Late
PO00895,S009,M005,2023-02-14,2023-03-02,453,198.85,On Time
PO00896,S002,M008,2023-05-02,2023-05-10,425,150.15,On Time
PO00897,S009,M005,2023-12-19,2024-01-01,450,145.04,On Time
PO00898,S006,M007,2023-11-20,2023-12-05,94,127.07,On Time
PO00899,S005,M009,2023-04-16,2023-05-15,115,163.03,Late
PO00900,S010,M008,2023-10-19,2023-11-03,282,63.41,Late
PO00901,S009,M003,2023-10-03,2023-10-11,175,196.01,Late
PO00902,S001,M015,2023-05-30,2023-06-10,303,60.8,On Time
PO00903,S008,M009,2023-09-21,2023-10-23,357,164.88,Late
PO00904,S005,M015,2023-03-11,2023-04-11,412,88.2,Late
PO00905,S006,M003,2023-01-31,2023-02-12,453,134.62,Late
PO00906,S002,M011,2023-12-26,2024-01-25,77,57.44,Late
PO00907,S002,M009,2023-12-31,2024-01-12,434,57.04,On Time
PO00908,S009,M008,2023-12-13,2023-12-28,260,37.01,Late
PO00909,S005,M001,2023-11-20,2023-11-30,331,88.7,On Time
PO00910,S006,M014,2023-08-20,2023-08-24,334,160.97,On Time
PO00911,S008,M001,2023-02-17,2023-03-03,273,152.46,On Time
PO00912,S003,M013,2023-12-22,2024-01-21,198,96.39,On Time
PO00913,S009,M006,2023-09-07,2023-09-29,307,10.47,Late
PO00914,S004,M006,2023-02-17,2023-03-21,244,130.62,Late
PO00915,S002,M002,2023-12-24,2024-01-07,445,22.03,Late
PO00916,S007,M010,2023-10-01,2023-10-15,121,193.94,On Time
PO00917,S003,M013,2023-04-19,2023-05-06,147,71.34,On Time
PO00918,S010,M009,2023-05-26,2023-06-07,290,119.81,On Time
PO00919,S001,M014,2023-10-17,2023-11-15,258,159.78,On Time
PO00920,S004,M009,2023-12-16,2024-01-11,34,18.73,On Time
PO00921,S002,M013,2023-11-17,2023-12-24,438,97.32,Late
PO00922,S008,M014,2023-03-05,2023-04-03,90,93.84,On Time
PO00923,S009,M007,2023-01-01,2023-01-16,113,199.18,On Time
PO00924,S009,M001,2023-03-09,2023-04-15,342,67.35,Late
PO00925,S003,M013,2023-05-21,2023-06-04,345,78.48,Late
PO00926,S004,M014,2023-02-12,2023-02-26,350,181.72,Late
PO00927,S001,M002,2023-03-26,2023-03-29,212,128.86,On Time
PO00928,S007,M011,2023-12-25,2024-01-22,129,91.55,Late
PO00929,S009,M006,2023-02-16,2023-03-12,58,10.21,On Time
PO00930,S009,M002,2023-09-02,2023-09-06,77,122.8,On Time
PO00931,S004,M003,2023-09-23,2023-10-17,237,11.76,Late
PO00932,S003,M013,2023-12-23,2024-01-05,428,32.91,Late
PO00933,S006,M005,2023-08-05,2023-08-30,77,100.76,Late
PO00934,S004,M002,2023-04-28,2023-05-12,55,148.85,On Time
PO00935,S007,M014,2023-02-22,2023-02-28,170,79.84,Late
PO00936,S002,M013,2023-06-03,2023-06-09,205,156.96,On Time
PO00937,S003,M012,2023-03-10,2023-04-08,356,37.14,Late
PO00938,S006,M003,2023-09-29,2023-10-19,14,125.96,On Time
PO00939,S004,M001,2023-03-26,2023-04-11,189,147.26,On Time
PO00940,S003,M001,2023-11-18,2023-12-14,87,184.78,Late
PO00941,S010,M014,2023-11-12,2023-12-10,236,173.39,Late
PO00942,S007,M002,2023-02-14,2023-03-16,61,36.6,On Time
PO00943,S001,M010,2023-03-05,2023-03-25,383,82.97,On Time
PO00944,S005,M008,2023-08-08,2023-08-20,415,36.57,On Time
PO00945,S003,M002,2023-05-22,2023-06-18,53,57.15,Late
PO00946,S004,M010,2023-11-04,2023-11-30,379,125.44,Late
PO00947,S007,M015,2023-12-20,2023-12-23,444,170.94,Late
PO00948,S005,M011,2023-06-04,2023-06-12,275,125.32,On Time
PO00949,S003,M011,2023-04-07,2023-05-02,210,66.15,On Time
PO00950,S004,M009,2023-01-28,2023-02-24,469,160.82,On Time
PO00951,S003,M012,2023-05-03,2023-05-20,207,31.42,On Time
PO00952,S009,M003,2023-09-13,2023-10-06,314,23.49,Late
PO00953,S007,M002,2023-01-07,2023-01-30,488,70.13,Late
PO00954,S007,M001,2023-07-18,2023-08-16,439,117.99,On Time
PO00955,S009,M006,2023-07-07,2023-07-26,359,42.83,On Time
PO00956,S001,M013,2023-08-30,2023-09-25,47,13.17,On Time
PO00957,S009,M001,2023-02-04,2023-02-06,144,50.99,On Time
PO00958,S006,M015,2023-01-31,2023-02-27,213,106.26,On Time
PO00959,S006,M006,2023-11-18,2023-12-12,266,155.75,On Time
PO00960,S003,M007,2023-08-05,2023-08-29,215,25.66,On Time
PO00961,S010,M002,2023-10-02,2023-10-26,325,39.01,Late
PO00962,S008,M003,2023-02-12,2023-03-02,50,107.15,Late
PO00963,S004,M002,2023-04-15,2023-05-14,89,111.91,Late
PO00964,S005,M004,2023-07-20,2023-08-09,334,155.01,On Time
PO00965,S001,M010,2023-11-29,2023-12-22,339,22.56,On Time
PO00966,S003,M015,2023-12-24,2024-01-08,383,191.15,On Time
PO00967,S006,M012,2023-05-03,2023-05-11,135,26.38,Late
PO00968,S002,M012,2023-08-11,2023-08-16,242,126.34,On Time
PO00969,S008,M004,2023-01-29,2023-02-09,351,150.92,On Time
PO00970,S005,M012,2023-03-31,2023-04-05,16,144.5,On Time
PO00971,S009,M013,2023-12-26,2023-12-28,93,104.32,On Time
PO00972,S009,M013,2023-06-27,2023-07-16,274,158.77,Late
PO00973,S006,M011,2023-05-13,2023-05-21,200,34.12,Late
PO00974,S010,M004,2023-05-18,2023-06-12,463,32.43,On Time
PO00975,S004,M015,2023-01-16,2023-01-30,423,91.57,Late
PO00976,S002,M013,2023-09-26,2023-10-10,144,145.34,Late
PO00977,S007,M001,2023-10-23,2023-11-14,49,104.27,On Time
PO00978,S001,M004,2023-09-19,2023-10-04,38,104.93,Late
PO00979,S002,M008,2023-10-18,2023-10-25,198,39.89,On Time
PO00980,S004,M011,2023-02-22,2023-03-29,303,138.08,Late
PO00981,S003,M006,2023-03-01,2023-03-11,389,106.68,Late
PO00982,S001,M004,2023-01-23,2023-02-21,451,12.33,On Time
PO00983,S004,M007,2023-01-24,2023-02-15,196,82.77,Late
PO00984,S007,M010,2023-03-18,2023-03-25,486,192.47,On Time
PO00985,S009,M003,2023-01-19,2023-02-07,421,183.65,On Time
PO00986,S008,M015,2023-12-02,2023-12-22,124,71.14,Late
PO00987,S010,M004,2023-08-02,2023-08-28,173,61.54,Late
PO00988,S009,M004,2023-02-09,2023-03-02,200,32.69,Late
PO00989,S006,M012,2023-12-11,2024-01-12,36,44.08,Late
PO00990,S009,M001,2023-09-22,2023-09-26,498,86.18,Late
PO00991,S006,M001,2023-08-27,2023-09-25,154,156.97,On Time
PO00992,S005,M015,2023-06-09,2023-06-22,54,115.09,Late
PO00993,S005,M014,2023-01-05,2023-01-19,112,65.4,Late
PO00994,S005,M005,2023-06-05,2023-06-30,328,56.09,On Time
PO00995,S003,M007,2023-07-08,2023-07-29,262,199.58,Late
PO00996,S003,M002,2023-04-11,2023-05-08,471,113.85,Late
PO00997,S002,M013,2023-05-06,2023-05-12,13,187.16,On Time
PO00998,S008,M011,2023-01-13,2023-01-22,287,75.82,On Time
PO00999,S001,M005,2023-12-22,2024-01-23,14,190.69,Late
PO01000,S009,M007,2023-01-01,2023-01-27,346,81.49,On Time
